{
  "最优模型": "gradient_boosting",
  "交叉验证结果": [
    {
      "模型名称": "logistic_regression",
      "最佳交叉验证F1": 0.5709527716263896,
      "最佳参数": {
        "model__C": 5.0
      }
    },
    {
      "模型名称": "random_forest",
      "最佳交叉验证F1": 0.6605919580445632,
      "最佳参数": {
        "model__max_depth": 12,
        "model__min_samples_leaf": 2,
        "model__n_estimators": 120
      }
    },
    {
      "模型名称": "gradient_boosting",
      "最佳交叉验证F1": 0.8058093719431124,
      "最佳参数": {
        "model__learning_rate": 0.1,
        "model__max_depth": 2,
        "model__n_estimators": 120
      }
    }
  ],
  "验证集指标": {
    "数据划分": "验证集",
    "准确率": 0.9717,
    "精确率": 0.9887931034482759,
    "召回率": 0.6747058823529412,
    "F1分数": 0.8020979020979021,
    "ROC_AUC": 0.9781219704275153,
    "混淆矩阵": [
      [
        18287,
        13
      ],
      [
        553,
        1147
      ]
    ]
  },
  "测试集指标": {
    "数据划分": "测试集",
    "准确率": 0.9723,
    "精确率": 0.9847715736040609,
    "召回率": 0.6847058823529412,
    "F1分数": 0.8077723802914643,
    "ROC_AUC": 0.9789582449373192,
    "混淆矩阵": [
      [
        18282,
        18
      ],
      [
        536,
        1164
      ]
    ]
  },
  "数据形状": [
    100000,
    9
  ],
  "特征选择数量": 10
}