{
  "最优模型": "random_forest",
  "交叉验证结果": [
    {
      "模型名称": "logistic_regression",
      "最佳交叉验证F1": 0.9462760790823468,
      "最佳参数": {
        "model__C": 1.0
      }
    },
    {
      "模型名称": "random_forest",
      "最佳交叉验证F1": 0.9844727728411939,
      "最佳参数": {
        "model__max_depth": 10,
        "model__min_samples_leaf": 1,
        "model__n_estimators": 200
      }
    },
    {
      "模型名称": "gradient_boosting",
      "最佳交叉验证F1": 0.9653763963064612,
      "最佳参数": {
        "model__learning_rate": 0.1,
        "model__max_depth": 2,
        "model__n_estimators": 100
      }
    }
  ],
  "验证集指标": {
    "数据划分": "验证集",
    "准确率": 0.9326923076923077,
    "精确率": 0.9384615384615385,
    "召回率": 0.953125,
    "F1分数": 0.9457364341085271,
    "ROC_AUC": 0.9673828124999999,
    "混淆矩阵": [
      [
        36,
        4
      ],
      [
        3,
        61
      ]
    ]
  },
  "测试集指标": {
    "数据划分": "测试集",
    "准确率": 0.9807692307692307,
    "精确率": 0.984375,
    "召回率": 0.984375,
    "F1分数": 0.984375,
    "ROC_AUC": 0.990234375,
    "混淆矩阵": [
      [
        39,
        1
      ],
      [
        1,
        63
      ]
    ]
  },
  "数据形状": [
    520,
    17
  ],
  "特征选择数量": 12
}