{
  "best_model": "random_forest",
  "cv_results": [
    {
      "model": "logistic_regression",
      "best_cv_f1": 0.9289977447379363,
      "best_params": {
        "model__C": 5.0
      }
    },
    {
      "model": "random_forest",
      "best_cv_f1": 0.9737407817407817,
      "best_params": {
        "model__max_depth": 6,
        "model__min_samples_leaf": 1,
        "model__n_estimators": 400
      }
    },
    {
      "model": "gradient_boosting",
      "best_cv_f1": 0.964826967648148,
      "best_params": {
        "model__learning_rate": 0.1,
        "model__max_depth": 3,
        "model__n_estimators": 200
      }
    }
  ],
  "validation_metrics": {
    "split": "validation",
    "accuracy": 0.9134615384615384,
    "precision": 0.9365079365079365,
    "recall": 0.921875,
    "f1": 0.9291338582677166,
    "roc_auc": 0.9664062499999999,
    "confusion_matrix": [
      [
        36,
        4
      ],
      [
        5,
        59
      ]
    ],
    "classification_report": "              precision    recall  f1-score   support\n\n    Negative       0.88      0.90      0.89        40\n    Positive       0.94      0.92      0.93        64\n\n    accuracy                           0.91       104\n   macro avg       0.91      0.91      0.91       104\nweighted avg       0.91      0.91      0.91       104\n"
  },
  "test_metrics": {
    "split": "test",
    "accuracy": 0.9615384615384616,
    "precision": 0.9838709677419355,
    "recall": 0.953125,
    "f1": 0.9682539682539683,
    "roc_auc": 0.996484375,
    "confusion_matrix": [
      [
        39,
        1
      ],
      [
        3,
        61
      ]
    ],
    "classification_report": "              precision    recall  f1-score   support\n\n    Negative       0.93      0.97      0.95        40\n    Positive       0.98      0.95      0.97        64\n\n    accuracy                           0.96       104\n   macro avg       0.96      0.96      0.96       104\nweighted avg       0.96      0.96      0.96       104\n"
  },
  "data_shape": [
    520,
    17
  ],
  "selected_feature_k": 12
}