{
  "最优模型": "random_forest",
  "交叉验证结果": [
    {
      "模型名称": "logistic_regression",
      "最佳交叉验证F1": 0.9321573448334011,
      "最佳参数": {
        "model__C": 5.0
      }
    },
    {
      "模型名称": "random_forest",
      "最佳交叉验证F1": 0.9818762816131237,
      "最佳参数": {
        "model__max_depth": 10,
        "model__min_samples_leaf": 1,
        "model__n_estimators": 200
      }
    },
    {
      "模型名称": "gradient_boosting",
      "最佳交叉验证F1": 0.971482054698577,
      "最佳参数": {
        "model__learning_rate": 0.1,
        "model__max_depth": 3,
        "model__n_estimators": 100
      }
    }
  ],
  "验证集指标": {
    "数据划分": "验证集",
    "准确率": 0.9423076923076923,
    "精确率": 0.9393939393939394,
    "召回率": 0.96875,
    "F1分数": 0.9538461538461539,
    "ROC_AUC": 0.975,
    "混淆矩阵": [
      [
        36,
        4
      ],
      [
        2,
        62
      ]
    ]
  },
  "测试集指标": {
    "数据划分": "测试集",
    "准确率": 0.9807692307692307,
    "精确率": 0.984375,
    "召回率": 0.984375,
    "F1分数": 0.984375,
    "ROC_AUC": 0.9917968749999999,
    "混淆矩阵": [
      [
        39,
        1
      ],
      [
        1,
        63
      ]
    ]
  },
  "数据形状": [
    520,
    17
  ],
  "特征选择数量": 12
}