{
  "源模型指标": {
    "数据划分": "量化源模型测试集",
    "准确率": 0.88955,
    "精确率": 0.42796490234927825,
    "召回率": 0.8894117647058823,
    "F1分数": 0.5778712019873877,
    "ROC_AUC": 0.96291068788171,
    "混淆矩阵": [
      [
        16279,
        2021
      ],
      [
        188,
        1512
      ]
    ]
  },
  "量化模型指标": {
    "准确率": 0.8891,
    "平均阳性概率": 0.21378964299887257
  }
}