{
  "源模型指标": {
    "数据划分": "量化源模型测试集",
    "准确率": 0.9134615384615384,
    "精确率": 0.9824561403508771,
    "召回率": 0.875,
    "F1分数": 0.9256198347107438,
    "ROC_AUC": 0.979296875,
    "混淆矩阵": [
      [
        39,
        1
      ],
      [
        8,
        56
      ]
    ]
  },
  "量化模型指标": {
    "准确率": 0.9134615384615384,
    "平均阳性概率": 0.5630792101934106
  }
}