{
  "source_model_metrics": {
    "split": "quantized_source_test",
    "accuracy": 0.9038461538461539,
    "precision": 0.9821428571428571,
    "recall": 0.859375,
    "f1": 0.9166666666666666,
    "roc_auc": 0.980859375,
    "confusion_matrix": [
      [
        39,
        1
      ],
      [
        9,
        55
      ]
    ],
    "classification_report": "              precision    recall  f1-score   support\n\n    Negative       0.81      0.97      0.89        40\n    Positive       0.98      0.86      0.92        64\n\n    accuracy                           0.90       104\n   macro avg       0.90      0.92      0.90       104\nweighted avg       0.92      0.90      0.91       104\n"
  },
  "quantized_metrics": {
    "accuracy": 0.9038461538461539,
    "mean_positive_probability": 0.564399540991608
  }
}